<?xml version="1.0" encoding="UTF-8" standalone="yes" ?>
<ttplayer 
	version="5.3.1">
	<Player 
		PlayerWnd="581,61,891,247" 
		PlayerWnd2="914,0,1246,26" 
		LyricWnd="891,61,1201,561" 
		LyricWnd2="1246,0,1446,26" 
		EqualizerWnd="581,461,891,561" 
		PlayListWnd="581,247,891,461" 
		BrowserWnd="95,0,567,475" 
		LyricVisible="1" 
		EqualizerVisible="1" 
		PlayListVisible="1" 
		BrowserVisible="0" 
		MiniMode="0" 
		TopMost="0" 
		LyricTopMost="0" 
		BrowserAutoStartup="0" 
		TopMost2="1" 
		LyricTopMost2="0" 
		LyricVisible2="1" 
		OpaqueWhenActive="0" 
		AlphaPercent="0" 
		WindowShadow="0" 
		PlayMode="3" 
		AutoSwitchList="0" 
		PlayFollowCursor="0" 
		PlayLists="1" 
		ActiveList="0" 
		PlayingTime="141040" 
		PlayingFileName="E:\音频（素材）\LeaF - 狂喜蘭舞.flac" 
		PlayingFileSubTrack="0" 
		Mute="0" 
		Volume="72" 
		Balance="0" 
		ShowElapsedTime="1" 
		CheckAssociation="1" 
		AutoAssociate="1" 
		BrowserUnused="0" 
		FirstRun_520="0" 
		UserWord="" 
		UserWordMD5=""
	/>
	<General 
		StartupMinimize="0" 
		TrayIcon="1" 
		Fade_Windows="1" 
		ShowHotKeyInTips="0" 
		TipsOnOpen="0" 
		MenuTips="1" 
		MenuBarPlayList="0" 
		ScrollTitle="0" 
		SendTitleToMSN="0" 
		Snap_Windows="65546" 
		TitleSlideInterval="65541" 
		CheckUpdateDays="-1" 
		LastMessageVer="131336193" 
		LastCheckedDay="149010" 
		AutoShutDown="0" 
		ShutDownTime="00:00:00" 
		ClearListOnCmd="0" 
		DefaultListOnCmd="1" 
		strDefaultList="[默认]" 
		AppIconFile="" 
		MP3ReadTagPriority="67633152" 
		MP3WriteTagType="5" 
		MP3ID3v2Encoding="0" 
		MP3ID3v2Padding="1"
	/>
	<Playback 
		AutoPlay="0" 
		ContinuePlay="0" 
		StopWhenFail="0" 
		TracksInterval="3" 
		ThreadPriority="15" 
		FileBuffer="16384" 
		SoundFadeMode="14" 
		FadeDuration="300,500,800,800" 
		TrackFadeDur="3000" 
		AutoGain="0" 
		AutoScanGain="0" 
		SkipScanGain="0"
	/>
	<Device 
		DeviceType="{DEF00000-9C6D-47ED-AAF1-4DDA8F2B5C03}" 
		OutputBits="0" 
		BufferDuration="1000" 
		HardwareBuffer="1" 
		CreatePrimary="0" 
		ResampleRate="0" 
		SsrcMode="1" 
		Dither="0"
	/>
	<HotKey 
		Global="0" 
		KeyMap_Count="52" 
		KeyMap_0="57664:a(0,0),g(0,0)" 
		KeyMap_1="32100:a(0,0),g(0,0)" 
		KeyMap_2="32101:a(0,0),g(0,0)" 
		KeyMap_3="32102:a(0,0),g(0,0)" 
		KeyMap_4="32104:a(0,0),g(0,0)" 
		KeyMap_5="32000:a(66,0),g(116,6)" 
		KeyMap_6="32002:a(0,0),g(117,6)" 
		KeyMap_7="32003:a(0,0),g(118,6)" 
		KeyMap_8="32004:a(0,0),g(119,6)" 
		KeyMap_9="32005:a(37,10),g(37,14)" 
		KeyMap_10="32006:a(39,10),g(39,14)" 
		KeyMap_11="32010:a(38,10),g(38,14)" 
		KeyMap_12="32011:a(40,10),g(40,14)" 
		KeyMap_13="32007:a(83,10),g(83,14)" 
		KeyMap_14="32008:a(68,10),g(68,14)" 
		KeyMap_15="32009:a(85,10),g(85,14)" 
		KeyMap_16="32103:a(73,10),g(0,0)" 
		KeyMap_17="57601:a(79,10),g(0,0)" 
		KeyMap_18="57602:a(67,12),g(0,0)" 
		KeyMap_19="32300:a(69,10),g(0,0)" 
		KeyMap_20="32521:a(70,10),g(0,0)" 
		KeyMap_21="32522:a(80,10),g(0,0)" 
		KeyMap_22="32525:a(0,0),g(0,0)" 
		KeyMap_23="32580:a(0,0),g(0,0)" 
		KeyMap_24="32588:a(0,0),g(0,0)" 
		KeyMap_25="32212:a(77,10),g(77,6)" 
		KeyMap_26="32213:a(87,12),g(87,6)" 
		KeyMap_27="32215:a(84,12),g(84,6)" 
		KeyMap_28="1033:a(86,12),g(86,6)" 
		KeyMap_29="2151:a(66,12),g(66,6)" 
		KeyMap_30="32569:a(0,0),g(0,0)" 
		KeyMap_31="32570:a(0,0),g(0,0)" 
		KeyMap_32="32571:a(74,10),g(0,0)" 
		KeyMap_33="32815:a(76,10),g(76,6)" 
		KeyMap_34="32813:a(0,0),g(0,0)" 
		KeyMap_35="32812:a(0,0),g(0,0)" 
		KeyMap_36="32804:a(0,0),g(0,0)" 
		KeyMap_37="32814:a(0,0),g(0,0)" 
		KeyMap_38="32805:a(0,0),g(0,0)" 
		KeyMap_39="32806:a(0,0),g(0,0)" 
		KeyMap_40="32807:a(0,0),g(0,0)" 
		KeyMap_41="32808:a(0,0),g(0,0)" 
		KeyMap_42="32809:a(0,0),g(0,0)" 
		KeyMap_43="32810:a(0,0),g(0,0)" 
		KeyMap_44="32811:a(0,0),g(0,0)" 
		KeyMap_45="32820:a(0,0),g(0,0)" 
		KeyMap_46="32821:a(0,0),g(0,0)" 
		KeyMap_47="32840:a(120,0),g(0,0)" 
		KeyMap_48="32841:a(121,0),g(0,0)" 
		KeyMap_49="32842:a(46,10),g(0,0)" 
		KeyMap_50="32230:a(70,12),g(70,6)" 
		KeyMap_51="57665:a(88,12),g(0,0)"
	/>
	<Visual 
		SpectrumTopColor="#71cdfd" 
		SpectrumBtmColor="#71cdfd" 
		SpectrumMidColor="#4c5fd1" 
		SpectrumPeakColor="#4c5fd1" 
		SpectrumWide="1" 
		BlurSpeed="5" 
		Blur="0" 
		TextColor="#c1aafd" 
		Font="-11,0,0,0,400,0,1,0,0,3,2,4,2,宋体" 
		BlurScopeColor="#4c5fd1" 
		Type="3" 
		FramesPerSec="40"
	/>
	<FullScreen 
		VisualType="1" 
		PosRelationAll="0" 
		LrcSizeAll="2" 
		PosRelationGoom="1" 
		LrcSizeGoom="2" 
		PosRelationSpectrum="0" 
		LrcSizeSpectrum="2" 
		PosRelationBlurScope="1" 
		LrcSizeBlurScope="2"
	/>
	<Lyric 
		Font="-11,0,0,0,400,0,0,0,134,3,2,4,49,Tahoma" 
		TextColor="#7578ab" 
		HilightColor="#e8e8e8" 
		BkgndColor="#252639" 
		ScrollMode="0" 
		ScrollMode2="1" 
		CharSet="0" 
		TextAlign="1" 
		RowInterval="4" 
		FadeIndex="10" 
		FadeHilight="1" 
		KaraokeMode="0" 
		Transparent="0" 
		TransSkin="1" 
		ScrollModeFS="0" 
		TextAlignFS="1" 
		RowIntervalFS="2" 
		FadeIndexFS="0" 
		FadeHilightFS="0" 
		KaraokeModeFS="0" 
		TransparentFS="0" 
		AutoFontFS="0" 
		FontFS="-48,0,0,0,400,0,0,0,134,3,2,4,2,宋体" 
		TextColorFS="#00ffff" 
		HilightColorFS="#ffff00" 
		BkgndColorFS="#000000" 
		AutoLoadLyric="1" 
		AutoSaveLyricTag="0" 
		DontLoadLyricTag="0" 
		AutoVisible="0" 
		AutoWidth="1" 
		AutoWidthOnlyVert="1" 
		DragLyric="1" 
		MouseWheelAdjust="0" 
		SaveCompress="0" 
		TrimSpaces="1" 
		LyricSaveMode="1" 
		AddInIndex="0" 
		AutoDownLoad="0" 
		DownLoadWhenFullInfo="0" 
		AutoAssociate="0" 
		AutoSelectDownload="0" 
		OverWrite="0" 
		SameFileTitle="0" 
		SaveToSoundFolder="0" 
		DownLoadFolder="E:\FFOutput" 
		NewLineAfterTag="1" 
		Folders_Count="2" 
		Folders_0="&lt;Sound Folder&gt;" 
		Folders_1="&lt;Lyrics Download Folder&gt;"
	/>
	<PlayList 
		Font="-12,0,0,0,400,0,0,0,1,0,0,4,0,宋体" 
		Color_Text="#7578ab" 
		Color_Hilight="#e8e8e8" 
		Color_Bkgnd="#2a2b3f" 
		Color_Number="#7578ab" 
		Color_Duration="#7578ab" 
		Color_Select="#db49a2" 
		Color_Bkgnd2="#242639" 
		LibraryMode="0" 
		ItemTips="1" 
		DisableDelFile="1" 
		EnableDragDrop="1" 
		ReadInfoMode="0" 
		TitleNumber="1" 
		IgnoreBadFiles="0" 
		SaveRelativePath="1" 
		SaveTags="0" 
		TagFormat="1" 
		ClickRating="0" 
		TagTitleFormat="%A - %T" 
		DefTitleFormat="%F"
	/>
	<Library 
		Enabled="0" 
		Valid="0" 
		PlayingCatalog="" 
		MonitorDir="0" 
		Directories_Count="0" 
		MaxItemCount="1"
	/>
	<Network 
		Proxy_Type="0" 
		Proxy_Server="" 
		Proxy_Port="0" 
		Proxy_UserName="" 
		Proxy_Password="" 
		FreedbAutoQuery="0" 
		ShowInfoWhenFail="1" 
		FreedbServer="http://freedb.freedb.org/~cddb/cddb.cgi" 
		CacheFolder="C:\Program Files\TTPlayer\Cache\" 
		ServerList_Count="0" 
		AcceptRecomList="0" 
		LastRecomListID="-1" 
		CheckUpdateDays="7" 
		LastCheckedDay="149011" 
		DoCache="0" 
		CacheSpaceSize="300"
	/>
	<Convert 
		WriterIndex="0" 
		OutputBits="0" 
		ResampleRate="0" 
		ReplayGain="0" 
		Equalizer="0" 
		Surround="0" 
		Folder="C:\" 
		SaveMode="1" 
		AddNumber="0" 
		AddToPlayList="0" 
		ThreadPriority="0"
	/>
	<Equalizer 
		Profile="-2" 
		ProfileLast="-1" 
		Surround="0" 
		Custom="0:0,0,0,0,0,0,0,0,0,0" 
		Current="0:0,0,0,0,0,0,0,0,0,0"
	/>
	<Skin 
		PackageName="PurpleMyth.skn"
	/>
	<Plugin 
		Folder="C:\Program Files\TTPlayer\Plugins\" 
		Modules_Count="0"
	/>
	<Histroy 
		LastActivePage="2" 
		SplitOnLists="0" 
		SoundPath="D:\Downloads\米津玄师 - Lemon.mp3" 
		PlayListPath="" 
		Folder="E:\FFOutput" 
		TagPattern="%(Artist) - %(Title)" 
		CheckSubFolder="0" 
		AdvanceFileInfo="0" 
		EQCProfile="C:\Program Files\TTPlayer\Profile\1.tteq_cfg" 
		LRCProfile="C:\Program Files\TTPlayer\Profile\1.ttlr_cfg" 
		PLCProfile="C:\Program Files\TTPlayer\Profile\1.ttpl_cfg" 
		TagNames_Count="0"
	/>
</ttplayer>
